{
  "server": {
    "host": "0.0.0.0",
    "port": 8081,
    "description": "前端静态文件服务器配置"
  },
  "frontend": {
    "paths": [
      "D:\\DMS-QA server\\frontend",
      "./frontend",
      "../frontend"
    ],
    "index_file": "index.html",
    "spa_mode": true,
    "description": "前端文件路径配置，按优先级排序"
  },
  "cors": {
    "enabled": true,
    "allow_origin": "*",
    "allow_methods": "GET, POST, PUT, DELETE, OPTIONS",
    "allow_headers": "Content-Type, Authorization, X-Requested-With",
    "max_age": 86400,
    "description": "CORS跨域配置"
  },
  "cache": {
    "html_cache": "no-cache",
    "static_cache": 3600,
    "asset_cache": 86400,
    "description": "缓存策略配置（秒）"
  },
  "logging": {
    "enabled": true,
    "format": "[{timestamp}] {client_ip} - {method} {path} {status}",
    "timestamp_format": "%Y-%m-%d %H:%M:%S",
    "description": "日志配置"
  },
  "security": {
    "prevent_directory_traversal": true,
    "max_file_size": 104857600,
    "allowed_extensions": [
      ".html", ".htm", ".js", ".mjs", ".css", ".json",
      ".png", ".jpg", ".jpeg", ".gif", ".svg", ".ico", ".webp",
      ".woff", ".woff2", ".ttf", ".eot", ".otf",
      ".mp4", ".webm", ".pdf", ".txt", ".xml", ".zip"
    ],
    "description": "安全配置"
  }
}
